time,n,rpl_dio_mean,rpl_dio_std,rpl_dis_mean,rpl_dis_std,rpl_dao_mean,rpl_dao_std,rpl_total_mean,rpl_total_std,adhoc_tx_mean,adhoc_tx_std,adhoc_rx_mean,adhoc_rx_std,conv_count_mean,conv_count_std,first_conv_mean,first_conv_std,last_conv_mean,last_conv_std,avg_conv_mean,avg_conv_std,avg_va_mean,avg_va_std,max_va_mean,max_va_std,perfect_pct_mean,perfect_pct_std,avg_eta_sc_mean,avg_eta_sc_std,min_eta_sc_mean,min_eta_sc_std,max_eta_sc_mean,max_eta_sc_std,udp_pdr_mean,udp_pdr_std,udp_latency_mean,udp_latency_std,udp_buf_drop_mean,udp_buf_drop_std,energest_cpu_mean,energest_cpu_std,energest_lpm_mean,energest_lpm_std,energest_tx_mean,energest_tx_std,energest_rx_mean,energest_rx_std,energest_total_mean,energest_total_std,power_cpu_mean,power_cpu_std,power_lpm_mean,power_lpm_std,power_tx_mean,power_tx_std,power_rx_mean,power_rx_std,power_total_mean,power_total_std
300.0,2,155.5,34.64823227814083,24.0,0.0,36.5,0.7071067811865476,216.0,33.94112549695428,260.0,1.4142135623730951,945.5,2.1213203435596424,11.0,0.0,71.805,12.819845942912108,128.59,13.138043994446052,84.965,4.2497117549311545,0.585,0.5161879502661797,2.0,1.4142135623730951,55.45,32.17335854398791,100.0,0.0,100.0,0.0,100.0,0.0,49.769999999999996,3.7335238046649666,956.575,455.28484320258235,65.5,34.64823227814083,11838077.5,442338.4251458378,74670991.5,441180.18423825427,223655.0,4782.870267945807,16085064.5,3272647.8681435464,86509069.0,1158.2409075835649,0.78,0.029132799384885767,0.1411,0.000848528137423842,0.15515,0.00332340187157678,9.873149999999999,2.0086782333166258,10.9494,2.0402859064356633
300.1,3,135.66666666666666,34.122328955294556,23.666666666666668,4.725815626252609,33.0,5.291502622129181,192.33333333333334,40.463975747982715,259.6666666666667,3.0550504633038935,793.0,27.730849247724095,11.0,0.0,60.22666666666667,22.72025601381581,149.32333333333332,43.98528428160188,97.48666666666668,19.84682678246912,1.0433333333333332,0.5300314456080255,4.666666666666667,2.8867513459481287,54.833333333333336,2.136195996001613,100.0,0.0,100.0,0.0,100.0,0.0,35.86333333333334,3.8064331510396094,917.39,80.110360753151,97.0,2.6457513110645907,11550954.0,193745.15022575404,74957889.66666667,192671.87502158518,199033.66666666666,11085.984860775037,17159764.666666668,4832336.369340438,86508843.66666667,1155.8703791227342,0.7610666666666667,0.012742187148732872,0.14166666666666666,0.0003511884584284136,0.13803333333333334,0.007703462424996527,10.532833333333334,2.9659499748534754,11.573599999999999,2.969351046946117
600.1,2,197.0,59.39696961966999,27.0,1.4142135623730951,58.5,21.920310216782973,282.5,82.73149339882606,522.5,3.5355339059327378,2388.5,106.77312395916867,11.0,0.0,71.805,12.819845942912108,128.59,13.138043994446052,84.965,4.2497117549311545,0.79,0.6081118318204308,2.5,0.7071067811865476,45.900000000000006,31.53696244092002,100.0,0.0,100.0,0.0,100.0,0.0,53.365,3.6133156518632576,678.0699999999999,193.47855746826315,103.0,59.39696961966999,26208503.5,1001494.4260775993,168440185.0,992998.538101643,516666.0,22474.681933233227,20173543.0,3402275.3903774456,194648688.5,8495.887975956368,0.7675000000000001,0.029274220741123062,0.14150000000000001,0.0008485281374238617,0.1593,0.006929646455628168,5.503299999999999,0.9278655182729876,6.57155,0.9632915680104339
600.2,3,196.66666666666666,68.53709457901854,27.666666666666668,5.033222956847166,61.0,30.512292604784715,285.3333333333333,103.61627928724971,523.3333333333334,2.516611478423583,1974.0,102.05880657738459,11.0,0.0,60.22666666666667,22.72025601381581,149.32333333333332,43.98528428160188,97.48666666666668,19.84682678246912,0.5,0.5020956084253277,2.0,1.0,64.23333333333333,31.147123997784025,100.0,0.0,100.0,0.0,100.0,0.0,38.86000000000001,3.8192538538306153,643.7166666666667,104.09864808600221,184.0,3.605551275463989,25701797.0,923914.8417056628,168944300.0,919925.1016561077,463549.6666666667,6582.232929130762,21650764.333333332,6074487.448503481,194646097.0,4136.5950974201,0.7526333333333333,0.02704391490397301,0.1419,0.0007937253933193789,0.1429,0.002022374841615666,5.906366666666667,1.6570344484449724,6.943833333333333,1.6838657913662045
900.1,2,248.0,4.242640687119285,30.5,2.1213203435596424,67.0,9.899494936611665,345.5,12.020815280171307,786.0,2.8284271247461903,3866.0,339.4112549695428,11.0,0.0,71.805,12.819845942912108,128.59,13.138043994446052,84.965,4.2497117549311545,0.41000000000000003,0.21213203435596428,2.5,0.7071067811865476,77.7,9.616652224137042,100.0,0.0,100.0,0.0,100.0,0.0,59.17,4.5820519420888255,646.925,115.32204494371406,120.0,79.19595949289332,42558705.0,768903.6712215646,259416669.0,377791.59683878627,874533.0,35030.069939981564,25340328.0,2136076.2478694436,302782334.0,5481.491767758116,0.8012,0.014424978336205551,0.14005,0.0002121320343559605,0.1733,0.006929646455628168,4.44405,0.37455446199451425,5.5586,0.39612121882070395
900.2,2,227.0,41.012193308819754,27.0,1.4142135623730951,48.0,11.313708498984761,302.0,53.74011537017761,789.0,2.8284271247461903,3216.0,321.02647865869255,11.0,0.0,71.265,17.359471478129745,173.255,20.8101525703201,108.94,0.848528137423859,0.62,0.3252691193458118,2.5,0.7071067811865476,57.75,17.324116139070416,100.0,0.0,100.0,0.0,100.0,0.0,42.42,2.06475180106472,521.37,76.01397897755386,245.5,3.5355339059327378,40849969.0,114921.82250556245,260988015.5,1442836.5377687453,777224.5,20330.02706589443,22110695.5,447511.61835699866,302776997.5,50.204581464244875,0.76905,0.002192031021678291,0.14095,0.0007778174593051951,0.15405000000000002,0.004030508652763328,3.8777,0.07848885271170661,4.9417,0.07311484117468944
900.3,1,355.0,0.0,37.0,0.0,111.0,0.0,503.0,0.0,783.0,0.0,3366.0,0.0,11.0,0.0,38.15,0.0,101.46,0.0,74.58,0.0,0.4,0.0,2.0,0.0,60.9,0.0,100.0,0.0,100.0,0.0,100.0,0.0,49.18,0.0,645.09,0.0,258.0,0.0,42645689.0,0.0,260132398.0,0.0,803807.0,0.0,32688329.0,0.0,302778087.0,0.0,0.8028,0.0,0.1405,0.0,0.1593,0.0,5.7327,0.0,6.8353,0.0
1200.1,1,342.0,0.0,36.0,0.0,71.0,0.0,449.0,0.0,1050.0,0.0,5137.0,0.0,11.0,0.0,80.87,0.0,119.3,0.0,87.97,0.0,0.31,0.0,4.0,0.0,77.3,0.0,100.0,0.0,100.0,0.0,100.0,0.0,59.48,0.0,758.72,0.0,186.0,0.0,59415202.0,0.0,346160908.0,0.0,1234396.0,0.0,28132124.0,0.0,410913501.0,0.0,0.8242,0.0,0.1377,0.0,0.1802,0.0,3.6354,0.0,4.7775,0.0
1200.2,1,257.0,0.0,29.0,0.0,74.0,0.0,360.0,0.0,1054.0,0.0,5706.0,0.0,11.0,0.0,62.74,0.0,137.88,0.0,81.96,0.0,0.12,0.0,1.0,0.0,88.2,0.0,100.0,0.0,100.0,0.0,100.0,0.0,65.01,0.0,560.27,0.0,65.0,0.0,59538568.0,0.0,351383607.0,0.0,1285592.0,0.0,31151930.0,0.0,410922175.0,0.0,0.8259,0.0,0.1398,0.0,0.1877,0.0,4.0255,0.0,5.1789,0.0
1200.3,2,423.5,106.77312395916867,40.0,2.8284271247461903,104.0,29.698484809834994,567.5,139.30003589374985,1050.5,3.5355339059327378,4597.5,4.949747468305833,11.0,0.0,48.57,14.736105319927653,130.0,40.36165507012813,92.06,24.720453070281707,0.925,0.3889087296526011,4.5,0.7071067811865476,48.65,18.5969083452062,100.0,0.0,100.0,0.0,100.0,0.0,49.36,2.4183051916579936,539.015,146.0104792472102,316.5,0.7071067811865476,57661881.0,2837032.6142732305,351328492.0,119300.22769466955,1150242.0,6882.9774080698535,32037778.5,6693259.951570721,410912426.0,461.033621333629,0.79985,0.03938584771209068,0.1398,0.0,0.16795,0.0010606601717798223,4.1401,0.8649330147473845,5.2477,0.9052381012750186
1200.4,1,304.0,0.0,30.0,0.0,57.0,0.0,391.0,0.0,1051.0,0.0,4183.0,0.0,11.0,0.0,83.54,0.0,187.97,0.0,108.34,0.0,0.44,0.0,3.0,0.0,77.3,0.0,100.0,0.0,100.0,0.0,100.0,0.0,43.66,0.0,535.52,0.0,315.0,0.0,55953635.0,0.0,354957723.0,0.0,1087418.0,0.0,26324924.0,0.0,410911358.0,0.0,0.7762,0.0,0.1412,0.0,0.1588,0.0,3.4018,0.0,4.478,0.0
1500.3,3,416.6666666666667,191.84976761344626,42.666666666666664,11.930353445448853,92.0,32.96968304366907,551.3333333333334,235.33876292131166,1313.0,4.58257569495584,6571.666666666667,824.7086354181902,11.0,0.0,60.586666666666666,21.44125074088108,119.54666666666667,18.211252931452393,81.50333333333333,6.70667080848116,0.5066666666666667,0.037859388972001855,2.3333333333333335,0.5773502691896257,65.13333333333334,6.568358496103373,100.0,0.0,100.0,0.0,100.0,0.0,60.85666666666666,5.170080592537543,639.56,90.54322282755349,203.66666666666666,140.30443091126287,75460515.66666667,610767.8912535706,439930318.0,3473460.5947307074,1598188.0,80483.28451920932,37717000.333333336,6682348.431481056,517740436.0,1132644.9369934958,0.8307666666666668,0.00582866479850514,0.13893333333333333,0.0014224392195567874,0.1852,0.009279547402756234,3.8689999999999998,0.6912205364426031,5.023933333333333,0.6794005764888146
1500.4,2,412.5,71.4177848998413,38.0,9.899494936611665,89.0,45.254833995939045,539.5,126.572113832392,1311.5,2.1213203435596424,5627.5,540.9366876077089,11.0,0.0,71.265,17.359471478129745,173.255,20.8101525703201,108.94,0.848528137423859,0.355,0.14849242404917498,2.5,2.1213203435596424,71.4,5.798275605729692,100.0,0.0,100.0,0.0,100.0,0.0,48.18,5.557859300126263,481.565,36.91804504574967,353.5,40.30508652763321,72192363.5,1259654.8692481206,442966641.5,6756331.048025437,1459546.0,68012.35864164689,32644611.5,3428420.663611818,517081058.0,2778482.758577422,0.79585,0.018172644276494232,0.14005,0.0013435028842544298,0.1694,0.008768124086713186,3.3533,0.37009968927303905,4.458600000000001,0.3956969547519924
1800.3,2,313.0,72.12489168102785,37.5,4.949747468305833,75.5,6.363961030678928,426.0,70.71067811865476,1576.5,6.363961030678928,8681.0,321.02647865869255,11.0,0.0,71.805,12.819845942912108,128.59,13.138043994446052,84.965,4.2497117549311545,0.33999999999999997,0.1979898987322333,2.5,0.7071067811865476,76.35,6.434671708797588,100.0,0.0,100.0,0.0,100.0,0.0,63.629999999999995,2.432447327281722,613.25,113.2360799392138,132.5,88.38834764831844,91992746.5,638600.1549048512,530515123.5,4245738.521927663,2024687.5,36312.05453427278,38297609.0,2160717.504980232,625220251.5,2771945.5563853523,0.8387,0.002121320343559566,0.13875,0.0017677669529663704,0.1943,0.004384062043356582,3.25305,0.19791918805411438,4.4247499999999995,0.20187898602875923
1800.4,3,501.0,132.92102918650608,46.333333333333336,12.583057392117917,103.33333333333333,38.65660788705255,650.6666666666666,179.09308566589982,1571.6666666666667,1.1547005383792515,7098.333333333333,529.0693086291562,11.0,0.0,60.22666666666667,22.72025601381581,149.32333333333332,43.98528428160188,97.48666666666668,19.84682678246912,0.41333333333333333,0.6379916404885986,2.0,1.0,77.26666666666667,33.10503486379879,100.0,0.0,100.0,0.0,100.0,0.0,52.81,6.940338608454202,529.4966666666667,102.87267000196572,380.3333333333333,62.17984668148783,88489450.0,2312935.623437669,535444585.0,5264842.128701582,1824898.3333333333,89181.24989219054,40990037.666666664,7887288.289870565,624560043.6666666,2270650.6202138043,0.8076666666666666,0.023759278889169472,0.14016666666666666,0.0009504384952922232,0.17536666666666667,0.009174057626444975,3.4862,0.680030197858889,4.609366666666666,0.7099707904789697
2100.3,2,317.5,75.66042558696059,39.5,3.5355339059327378,79.5,6.363961030678928,436.5,72.8319984622144,1838.0,2.8284271247461903,10210.5,181.7264427649427,11.0,0.0,71.805,12.819845942912108,128.59,13.138043994446052,84.965,4.2497117549311545,0.245,0.2899137802864845,1.5,0.7071067811865476,80.0,23.193102422918763,100.0,0.0,100.0,0.0,100.0,0.0,64.08,2.6162950903902327,612.98,122.25876246715406,135.0,87.68124086713189,108353568.0,846060.3347575159,622244115.5,4511875.129589969,2412396.0,28308.312878022243,42575565.0,2168202.9373658733,733354190.0,2775671.3020154242,0.8422000000000001,0.0033941125496954466,0.1387,0.00155563491861041,0.19735000000000003,0.0030405591591021533,3.0831,0.16871567799111017,4.2614,0.16984704884100854
2100.4,3,558.0,81.43095234614415,50.0,10.0,116.66666666666667,24.90649179096352,724.6666666666666,107.77909506640577,1834.0,1.0,8601.666666666666,688.0038759580743,11.0,0.0,60.22666666666667,22.72025601381581,149.32333333333332,43.98528428160188,97.48666666666668,19.84682678246912,0.31,0.3004995840263344,1.6666666666666667,1.1547005383792515,77.86666666666666,15.113349507416725,100.0,0.0,100.0,0.0,100.0,0.0,55.23333333333333,6.026087730305071,536.0433333333334,86.08390345083879,396.6666666666667,85.93214377247511,105202213.66666667,1657256.2849171318,626174968.6666666,4003516.5888109333,2204019.3333333335,94609.76836634436,45202468.333333336,8000463.9101932915,733352429.6666666,1964101.688516237,0.8177,0.015006998367428477,0.13963333333333333,0.0008082903768654832,0.18033333333333335,0.008122397018942941,3.2740333333333336,0.588228665854813,4.4117,0.6095268000670683
2400.3,2,319.5,72.8319984622144,41.5,3.5355339059327378,82.0,2.8284271247461903,443.0,73.53910524340094,2102.0,5.656854249492381,11855.0,152.73506473629428,11.0,0.0,71.805,12.819845942912108,128.59,13.138043994446052,84.965,4.2497117549311545,0.25,0.22627416997969518,1.0,0.0,75.0,22.485995641732213,100.0,0.0,100.0,0.0,100.0,0.0,65.07499999999999,3.3728993462598287,615.505,111.60266327467275,138.0,87.68124086713189,124652814.0,932929.8170398457,714111123.0,4646862.521225262,2793164.5,28352.860605236998,46880304.5,2157745.5351789054,839554397.0,52856.23189369443,0.8463,0.006363961030678934,0.13905,0.0009192388155425087,0.1996,0.0019798989873223505,2.9650499999999997,0.1362594767346476,4.1501,0.13279465350683375
2400.4,3,567.6666666666666,77.36493607140986,51.333333333333336,10.016652800877813,118.33333333333333,26.501572280401277,737.3333333333334,105.2916584223714,2095.3333333333335,2.8867513459481287,10195.333333333334,756.0432086417636,11.0,0.0,60.22666666666667,22.72025601381581,149.32333333333332,43.98528428160188,97.48666666666668,19.84682678246912,0.33666666666666667,0.18903262505010435,1.3333333333333333,0.5773502691896257,69.36666666666667,13.511970001940258,100.0,0.0,100.0,0.0,100.0,0.0,56.85333333333333,5.458024673206719,543.5666666666667,69.83083082230466,409.0,104.50358845513392,121530223.66666667,1748024.6686787156,717322681.6666666,4146118.4596164557,2581693.3333333335,109855.82681102233,49459165.666666664,8073349.505407922,842140056.6666666,3002949.5259764744,0.8226,0.014211614968046392,0.13926666666666668,0.00030550504633038595,0.1839666666666667,0.008386497083606075,3.1192333333333333,0.5143998865992617,4.265066666666667,0.5339657323586726
2700.3,2,320.0,73.53910524340094,43.0,4.242640687119285,84.0,4.242640687119285,447.0,73.53910524340094,2363.0,5.656854249492381,13423.5,116.67261889578035,11.0,0.0,71.805,12.819845942912108,128.59,13.138043994446052,84.965,4.2497117549311545,0.5700000000000001,0.11313708498984762,2.5,0.7071067811865476,61.35,1.9091883092036803,100.0,0.0,100.0,0.0,100.0,0.0,65.265,2.736503243191942,613.8,108.17319538591805,140.0,87.68124086713189,140946759.0,1075754.0731310293,805953932.5,4786115.180964673,3176394.5,26152.34430218446,51212440.5,2099627.0146196205,946708111.5,1340943.8648133262,0.8486,0.005232590180780425,0.1392,0.0009899494936611557,0.20129999999999998,0.001979898987322331,2.87255,0.12183449839844207,4.0617,0.11950104602052687
2700.4,3,586.3333333333334,95.97048157289477,53.666666666666664,10.503967504392486,123.0,30.789608636681304,763.0,129.10848151845022,2356.3333333333335,2.309401076758503,11758.666666666666,801.601106120328,11.0,0.0,60.22666666666667,22.72025601381581,149.32333333333332,43.98528428160188,97.48666666666668,19.84682678246912,0.26999999999999996,0.20223748416156684,1.6666666666666667,0.5773502691896257,74.56666666666666,20.966719660770337,100.0,0.0,100.0,0.0,100.0,0.0,57.923333333333325,4.918336439624007,536.9,72.82717006722147,414.6666666666667,110.0106055493439,137845516.0,1797137.2758261957,808987289.0,4081833.445229117,2963050.6666666665,116910.4839196782,53733693.333333336,8122275.455515058,949618905.3333334,1965951.2554741364,0.8274333333333334,0.011773841061154738,0.1393,0.0004358898943540671,0.18723333333333333,0.007708653146518742,3.0048333333333335,0.4560221522397058,4.1588,0.4736150757735653
3000.3,2,353.5,60.10407640085654,45.0,5.656854249492381,93.0,15.556349186104045,491.5,50.204581464244875,2624.0,5.656854249492381,14986.5,21.920310216782973,11.0,0.0,71.805,12.819845942912108,128.59,13.138043994446052,84.965,4.2497117549311545,0.6000000000000001,0.4525483399593904,2.0,0.0,58.2,27.011479041326112,100.0,0.0,100.0,0.0,100.0,0.0,65.325,2.6940768363207477,602.4849999999999,102.09914813552558,142.0,89.09545442950498,157470377.0,869976.1003108073,897564043.0,4585731.725778122,3559604.5,27169.163853530714,55436419.0,2196659.7426679446,1053858814.0,2725758.048545028,0.8517,0.002545584412271605,0.13925,0.0010606601717798223,0.20265,0.0020506096654409976,2.7934,0.11794541110191602,3.987,0.1185110965268655
3000.4,3,592.0,96.28603221651622,55.666666666666664,11.50362261782493,125.33333333333333,30.43572462310259,773.0,128.51459061133875,2618.0,5.5677643628300215,13346.333333333334,698.4785847349461,11.0,0.0,60.22666666666667,22.72025601381581,149.32333333333332,43.98528428160188,97.48666666666668,19.84682678246912,0.19666666666666666,0.17897858344878398,1.0,1.0,80.63333333333334,17.635286596291348,100.0,0.0,100.0,0.0,100.0,0.0,59.27333333333333,4.470842575324404,542.5933333333334,67.27880597434331,416.6666666666667,109.20317455703078,154209637.0,1894769.3833918152,900098875.6666666,4845883.684422515,3346886.3333333335,120758.60400540134,57999782.666666664,8067498.1533180615,1057753233.0,1965771.5615836445,0.831,0.011072939989000169,0.13913333333333333,0.000513160143944686,0.18983333333333333,0.007129048557369585,2.9118333333333335,0.4066779602256965,4.071833333333333,0.4232912157526226
3300.3,1,321.0,0.0,43.0,0.0,104.0,0.0,468.0,0.0,2892.0,0.0,16721.0,0.0,11.0,0.0,62.74,0.0,137.88,0.0,81.96,0.0,0.32,0.0,1.0,0.0,68.2,0.0,100.0,0.0,100.0,0.0,100.0,0.0,67.22,0.0,540.25,0.0,81.0,0.0,173170724.0,0.0,992623864.0,0.0,3959461.0,0.0,61296851.0,0.0,1162030225.0,0.0,0.8494,0.0,0.1397,0.0,0.2044,0.0,2.801,0.0,3.9946,0.0
3300.4,3,606.3333333333334,86.58714300248815,56.666666666666664,11.060440015358038,130.0,27.874719729532707,793.0,118.89911690168266,2881.0,7.0,14919.333333333334,644.7219038727732,11.0,0.0,60.22666666666667,22.72025601381581,149.32333333333332,43.98528428160188,97.48666666666668,19.84682678246912,0.20333333333333334,0.19218047073866099,1.3333333333333333,0.5773502691896257,81.83333333333333,15.917705027212097,100.0,0.0,100.0,0.0,100.0,0.0,60.07,4.104789885000206,534.99,63.760844567806664,418.3333333333333,108.42662649613946,170751278.0,1727345.6467551594,991706946.3333334,4976423.466875215,3732645.6666666665,121542.80207537315,62283740.333333336,8121018.442269562,1165890700.6666667,1965594.0120977,0.8348,0.009392017887546848,0.13906666666666667,0.0005033222956847164,0.19210000000000002,0.0064861390672726095,2.8368333333333333,0.3712993446443628,4.0028,0.38537172963257155
3300.5,1,420.0,0.0,50.0,0.0,87.0,0.0,557.0,0.0,2880.0,0.0,16500.0,0.0,11.0,0.0,80.87,0.0,119.3,0.0,87.97,0.0,0.28,0.0,1.0,0.0,71.8,0.0,100.0,0.0,100.0,0.0,100.0,0.0,63.83,0.0,666.74,0.0,207.0,0.0,175036004.0,0.0,985508414.0,0.0,3929271.0,0.0,58243859.0,0.0,1163923650.0,0.0,0.8572,0.0,0.1384,0.0,0.2026,0.0,2.6572,0.0,3.8554,0.0
3600.3,1,369.0,0.0,46.0,0.0,104.0,0.0,519.0,0.0,3155.0,0.0,18282.0,0.0,11.0,0.0,62.74,0.0,137.88,0.0,81.96,0.0,0.37,0.0,2.0,0.0,71.8,0.0,100.0,0.0,100.0,0.0,100.0,0.0,67.15,0.0,540.06,0.0,85.0,0.0,190304377.0,0.0,1083622887.0,0.0,4350039.0,0.0,65754502.0,0.0,1270162901.0,0.0,0.854,0.0,0.1395,0.0,0.2055,0.0,2.7489,0.0,3.9479,0.0
3600.4,3,621.6666666666666,105.6708726818007,59.333333333333336,10.503967504392486,135.0,33.421549934136806,816.0,145.0206881793077,3142.0,7.0,16517.0,653.3903886651532,11.0,0.0,60.22666666666667,22.72025601381581,149.32333333333332,43.98528428160188,97.48666666666668,19.84682678246912,0.2733333333333334,0.1361371857110809,1.6666666666666667,0.5773502691896257,76.66666666666667,12.400134407873704,100.0,0.0,100.0,0.0,100.0,0.0,60.5,3.7192875661879112,531.9499999999999,66.65248457484537,421.3333333333333,109.43643512712453,187403239.66666666,2089132.2674293108,1083859679.0,4338397.845149635,4113842.3333333335,125264.36605967929,66585940.0,8133753.452963582,1274026077.3333333,1963791.9183946992,0.8384666666666667,0.010136238618606684,0.1391,0.0003464101615137854,0.19376666666666667,0.006087144924620515,2.7753333333333337,0.3403186203153353,3.946633333333333,0.355123532497261
3600.5,1,426.0,0.0,51.0,0.0,91.0,0.0,568.0,0.0,3149.0,0.0,18086.0,0.0,11.0,0.0,80.87,0.0,119.3,0.0,87.97,0.0,0.53,0.0,2.0,0.0,59.1,0.0,100.0,0.0,100.0,0.0,100.0,0.0,63.77,0.0,665.38,0.0,208.0,0.0,191364631.0,0.0,1077218958.0,0.0,4313834.0,0.0,62536832.0,0.0,1272054813.0,0.0,0.8575,0.0,0.1385,0.0,0.2035,0.0,2.6105,0.0,3.8099,0.0
3900.4,1,549.0,0.0,50.0,0.0,99.0,0.0,698.0,0.0,3408.0,0.0,17401.0,0.0,11.0,0.0,83.54,0.0,187.97,0.0,108.34,0.0,0.12,0.0,1.0,0.0,88.2,0.0,100.0,0.0,100.0,0.0,100.0,0.0,57.15,0.0,537.4,0.0,548.0,0.0,201572228.0,0.0,1180502732.0,0.0,4348373.0,0.0,63572025.0,0.0,1384120940.0,0.0,0.8301,0.0,0.1394,0.0,0.1885,0.0,2.4389,0.0,3.5969,0.0
