time,n,rpl_dio_mean,rpl_dio_std,rpl_dis_mean,rpl_dis_std,rpl_dao_mean,rpl_dao_std,rpl_total_mean,rpl_total_std,adhoc_tx_mean,adhoc_tx_std,adhoc_rx_mean,adhoc_rx_std,conv_count_mean,conv_count_std,first_conv_mean,first_conv_std,last_conv_mean,last_conv_std,avg_conv_mean,avg_conv_std,avg_va_mean,avg_va_std,max_va_mean,max_va_std,perfect_pct_mean,perfect_pct_std,avg_eta_sc_mean,avg_eta_sc_std,min_eta_sc_mean,min_eta_sc_std,max_eta_sc_mean,max_eta_sc_std,udp_pdr_mean,udp_pdr_std,udp_latency_mean,udp_latency_std,udp_buf_drop_mean,udp_buf_drop_std
300.0,5,201.2,9.311283477587823,110.8,12.417729261020309,74.0,26.56124997058685,386.0,46.238512086787566,727.2,0.4472135954999579,1276.4,113.0168129085226,0.2,0.4472135954999579,212.45,0.0,212.45,0.0,212.45,0.0,14.05,1.2178875153313622,25.0,0.0,8.44,1.6440802900101925,59.5,1.1313708498984745,19.3,21.908902300206645,88.67999999999999,6.497076265521285,30.327999999999996,6.399149943547188,1161.786,88.35710712783666,186.6,17.155174146594955
600.0,5,425.6,28.579713084634,165.6,24.14125100321025,141.8,49.76143084759521,733.0,41.6293165929973,1468.0,4.47213595499958,2788.6,232.09653164147025,0.2,0.4472135954999579,212.45,0.0,212.45,0.0,212.45,0.0,20.668,0.29448259710889413,49.6,0.5477225575051661,13.440000000000001,0.4979959839195488,62.339999999999996,0.6767569726275449,43.3,0.0,94.67999999999999,6.520122698231991,40.012,2.6522669548897206,1310.442,23.021767308354068,287.6,41.51867049894541
900.0,5,556.2,20.825465180878915,190.0,39.97499218261337,167.8,56.922754676842544,914.0,73.824115301167,2207.0,1.7320508075688772,5042.2,577.9642722521869,0.2,0.4472135954999579,212.45,0.0,212.45,0.0,212.45,0.0,27.238,0.3293478404362171,73.4,0.5477225575051661,19.5,5.118105118107678,63.2,1.1510864433221337,43.3,0.0,94.67999999999999,6.520122698231991,46.05,2.627793751419619,1278.7440000000001,92.83935200118533,312.0,31.81980515339464
1200.0,4,623.75,1.5,207.75,44.5,173.5,63.0,1005.0,106.0,2944.25,4.5,7555.75,595.5,0.0,0.0,,,,,,,34.43,0.8199999999999967,97.25,0.5,21.825,2.950000000000001,64.44999999999999,1.2999999999999972,43.3,0.0,93.35,6.700000000000003,48.2325,1.4849999999999994,1187.1525000000001,72.005,332.75,17.5
1200.1,1,600.0,0.0,154.0,0.0,191.0,0.0,945.0,0.0,2952.0,0.0,8855.0,0.0,1.0,0.0,212.45,0.0,212.45,0.0,212.45,0.0,36.0,0.0,99.0,0.0,34.2,0.0,61.5,0.0,43.3,0.0,100.0,0.0,47.46,0.0,1237.87,0.0,279.0,0.0
1500.0,4,660.75,8.5,212.25,47.5,176.75,60.5,1049.75,116.5,3678.75,3.5,10562.0,662.0,0.0,0.0,,,,,,,41.975,1.5499999999999972,121.25,0.5,22.5,4.200000000000001,64.44999999999999,1.2999999999999972,43.3,0.0,93.35,6.700000000000003,48.94,0.4200000000000017,1165.01,54.360000000000014,337.5,15.0
1500.1,1,616.0,0.0,159.0,0.0,194.0,0.0,969.0,0.0,3689.0,0.0,11754.0,0.0,3.0,0.0,212.45,0.0,1478.46,0.0,1056.46,0.0,44.57,0.0,123.0,0.0,28.9,0.0,61.9,0.0,43.3,0.0,100.0,0.0,48.06,0.0,1171.93,0.0,301.0,0.0
1800.0,4,671.5,9.0,213.25,45.5,187.0,62.0,1071.75,116.5,4413.75,3.5,13629.0,740.0,0.0,0.0,,,,,,,50.7,1.7199999999999989,145.25,0.5,22.224999999999998,4.65,64.44999999999999,1.2999999999999972,43.3,0.0,93.35,6.700000000000003,49.4225,0.03500000000000014,1141.915,43.129999999999995,340.25,18.5
1800.1,1,658.0,0.0,160.0,0.0,215.0,0.0,1033.0,0.0,4428.0,0.0,14456.0,0.0,3.0,0.0,212.45,0.0,1478.46,0.0,1056.46,0.0,53.73,0.0,146.0,0.0,25.3,0.0,61.9,0.0,43.3,0.0,100.0,0.0,48.32,0.0,1116.86,0.0,333.0,0.0
2100.0,1,665.0,0.0,145.0,0.0,102.0,0.0,912.0,0.0,5154.0,0.0,17981.0,0.0,0.0,0.0,,,,,,,62.1,0.0,169.0,0.0,23.2,0.0,62.5,0.0,43.3,0.0,83.3,0.0,48.74,0.0,1175.61,0.0,368.0,0.0
2100.1,4,686.75,3.5,220.75,36.5,228.5,1.0,1136.0,34.0,5154.0,6.0,16653.5,465.0,0.75,1.5,212.45,0.0,1478.46,0.0,1056.46,0.0,58.7425,0.5849999999999973,169.25,0.5,26.575,1.1500000000000004,64.64999999999999,0.8999999999999986,43.3,0.0,97.525,1.6499999999999986,49.5175,0.40500000000000114,1128.5874999999999,19.004999999999995,337.0,2.0
2400.0,1,677.0,0.0,145.0,0.0,113.0,0.0,935.0,0.0,5895.0,0.0,21147.0,0.0,0.0,0.0,,,,,,,71.08,0.0,193.0,0.0,26.7,0.0,62.5,0.0,43.3,0.0,83.3,0.0,48.2,0.0,1169.57,0.0,370.0,0.0
2400.1,4,694.75,1.5,222.25,35.5,233.75,4.5,1150.75,38.5,5894.0,8.0,19771.75,503.5,0.75,1.5,212.45,0.0,1478.46,0.0,1056.46,0.0,67.575,0.2700000000000031,194.0,0.0,21.950000000000003,2.6999999999999993,64.64999999999999,0.8999999999999986,43.3,0.0,97.525,1.6499999999999986,49.555,0.25,1129.1425000000002,35.47500000000002,339.25,2.5
2700.0,1,693.0,0.0,146.0,0.0,119.0,0.0,958.0,0.0,6636.0,0.0,24379.0,0.0,0.0,0.0,,,,,,,80.0,0.0,217.0,0.0,31.7,0.0,62.5,0.0,43.3,0.0,83.3,0.0,48.65,0.0,1159.51,0.0,372.0,0.0
2700.1,4,722.75,8.5,224.0,36.0,241.75,2.5,1188.5,47.0,6632.75,5.5,22780.75,305.5,0.75,1.5,212.45,0.0,1478.46,0.0,1056.46,0.0,76.51,0.17999999999999972,218.0,0.0,20.575,0.3500000000000014,64.64999999999999,0.8999999999999986,43.3,0.0,97.525,1.6499999999999986,49.3725,0.19500000000000028,1126.2125,55.53499999999997,345.25,8.5
3000.0,1,702.0,0.0,148.0,0.0,126.0,0.0,976.0,0.0,7368.0,0.0,27470.0,0.0,0.0,0.0,,,,,,,88.91,0.0,241.0,0.0,27.6,0.0,62.5,0.0,43.3,0.0,83.3,0.0,49.25,0.0,1174.81,0.0,378.0,0.0
3000.1,4,735.5,15.0,226.0,34.0,254.0,0.0,1215.5,49.0,7365.5,9.0,25743.5,253.0,0.75,1.5,212.45,0.0,1478.46,0.0,1056.46,0.0,85.105,0.05000000000000426,242.0,0.0,24.625,1.25,64.64999999999999,0.8999999999999986,43.3,0.0,97.525,1.6499999999999986,49.6425,0.4549999999999983,1118.2649999999999,61.629999999999995,356.5,1.0
3300.0,1,709.0,0.0,148.0,0.0,134.0,0.0,991.0,0.0,8110.0,0.0,30801.0,0.0,0.0,0.0,,,,,,,97.73,0.0,265.0,0.0,28.9,0.0,62.5,0.0,43.3,0.0,83.3,0.0,49.42,0.0,1163.37,0.0,379.0,0.0
3300.1,4,756.0,10.0,228.5,31.0,265.25,4.5,1249.75,16.5,8098.5,9.0,28680.0,224.0,0.75,1.5,212.45,0.0,1478.46,0.0,1056.46,0.0,93.66250000000001,0.25500000000000256,266.0,0.0,27.25,0.5,64.64999999999999,0.8999999999999986,43.3,0.0,97.525,1.6499999999999986,49.809999999999995,0.33999999999999986,1103.7350000000001,60.37000000000006,390.25,7.5
3600.0,1,722.0,0.0,150.0,0.0,143.0,0.0,1015.0,0.0,8845.0,0.0,33982.0,0.0,0.0,0.0,,,,,,,106.74,0.0,289.0,0.0,24.5,0.0,62.5,0.0,43.3,0.0,83.3,0.0,49.69,0.0,1163.86,0.0,381.0,0.0
3600.1,4,787.0,8.0,233.75,32.5,279.0,6.0,1299.75,18.5,8834.25,10.5,31697.5,267.0,1.25,2.5,212.45,0.0,3404.7,0.0,1995.75,0.0,100.9675,2.9849999999999994,289.75,0.5,23.3,5.999999999999998,65.14999999999999,0.10000000000000142,43.3,0.0,97.525,1.6499999999999986,49.9375,0.1650000000000027,1089.74,61.06,398.75,8.5
3900.1,5,809.0,44.181444068749045,219.8,48.26178612525649,264.2,62.162689774494154,1293.0,148.60854618762679,9572.6,15.883954167649817,35069.0,1248.647268046505,1.0,2.23606797749979,212.45,0.0,3404.7,0.0,1995.75,0.0,110.922,3.7522419964602487,314.4,0.8944271909999159,22.7,3.9140771581561853,64.61999999999999,1.1882760622010338,43.3,0.0,94.67999999999999,6.520122698231991,49.802,0.21637929660667607,1100.8,64.90633097009875,405.6,18.379336223052235
4200.1,5,819.2,43.48792935976603,221.0,49.3254498205541,273.6,65.74039853849382,1313.8,152.18311338647268,10309.0,9.643650760992955,38106.8,1283.0398279087053,1.0,2.23606797749979,212.45,0.0,3404.7,0.0,1995.75,0.0,119.508,3.904538385007888,337.6,0.5477225575051661,24.72,3.3988233257996807,64.61999999999999,1.1882760622010338,43.3,0.0,94.67999999999999,6.520122698231991,49.674,0.14859340496805423,1095.374,66.21349356437852,407.8,19.447364860052378
4500.1,5,829.6,42.89288985368088,222.2,49.322408700305786,280.6,62.44037155558894,1332.4,148.11076935861215,11040.4,13.66747965061591,41214.2,1296.5611053860903,1.0,2.23606797749979,212.45,0.0,3404.7,0.0,1995.75,0.0,127.896,4.171627979578241,360.8,0.4472135954999579,29.02,3.0103155980727347,64.61999999999999,1.1882760622010338,43.3,0.0,94.67999999999999,6.520122698231991,49.774,0.24192974186734734,1097.964,67.81773389018535,411.2,20.315019074566482
4800.1,5,835.2,38.14708376796318,223.0,49.49747468305833,289.0,57.65847726050351,1347.2,138.62250899475166,11779.6,16.44080290010193,44372.0,1241.6170907328878,1.0,2.23606797749979,212.45,0.0,3404.7,0.0,1995.75,0.0,136.60999999999999,4.262100421153875,385.0,0.0,33.42,5.81050772308238,64.61999999999999,1.1882760622010338,43.3,0.0,94.67999999999999,6.520122698231991,49.879999999999995,0.24228082879171262,1100.184,70.40600386330699,412.6,19.73068675946177
5100.1,5,842.2,32.17452408350433,224.4,48.96733605169879,298.0,60.93439094632849,1364.6,136.12053482116502,12510.2,22.409819276379718,47465.2,1274.8918385494512,1.0,2.23606797749979,212.45,0.0,3404.7,0.0,1995.75,0.0,145.424,4.290219108623716,409.0,0.0,25.02,2.0376457003120043,64.61999999999999,1.1882760622010338,43.3,0.0,94.67999999999999,6.520122698231991,49.842,0.35471115009258064,1102.5880000000002,75.34826554075418,414.0,19.183326093250876
